<?xml version="1.0" encoding="utf-8" standalone="yes"?>
<rss version="2.0" xmlns:atom="http://www.w3.org/2005/Atom">
  <channel>
    <title> BI-FOLD DOORS on  TENTUFF | Security Doors &amp; Windows </title>
    <link>/bifolddoors/</link>
    <description>Recent content in  BI-FOLD DOORS on  TENTUFF | Security Doors &amp; Windows </description>
    <generator>Hugo -- gohugo.io</generator>
    <language>en-us</language><atom:link href="/bifolddoors/index.xml" rel="self" type="application/rss+xml" />
  </channel>
</rss>
